{
  "model": "BLIP",
  "bleu1": 0.6781322843822843,
  "bleu4": 0.30743189945334903,
  "rougeL": 0.5264976572988489,
  "avg_inference_time_ms": 944.2047688760795,
  "fps": 1.059092299639977,
  "num_images": 20
}