{
  "model": "BLIP",
  "bleu1": 0.6717317682317683,
  "bleu4": 0.2746467843063969,
  "rougeL": 0.5227389198420052,
  "avg_inference_time_ms": 794.5799100212753,
  "fps": 1.2585266596700444,
  "num_images": 50
}