{
  "num_images": 100,
  "models_evaluated": [
    "BLIP",
    "ViT-GPT2",
    "GIT"
  ],
  "results": {
    "BLIP": {
      "model": "BLIP",
      "bleu1": 0.6790570590920545,
      "bleu4": 0.25954090224609705,
      "rougeL": 0.5216427889416327,
      "avg_inference_time_ms": 1234.8291291575879,
      "fps": 0.8098286446175832,
      "num_images": 100
    },
    "ViT-GPT2": {
      "model": "ViT-GPT2",
      "bleu1": 0.7328264693364237,
      "bleu4": 0.29941699186547593,
      "rougeL": 0.5709814655235196,
      "avg_inference_time_ms": 742.3340216139331,
      "fps": 1.3471024779732803,
      "num_images": 100
    },
    "GIT": {
      "model": "GIT",
      "bleu1": 0.7252694759994037,
      "bleu4": 0.3468738068028901,
      "rougeL": 0.6173634248000246,
      "avg_inference_time_ms": 942.8740845783614,
      "fps": 1.06058700345676,
      "num_images": 100
    }
  }
}