{
  "confidence_threshold": 0.25,
  "skip_crowd": true,
  "num_images": 50,
  "models_evaluated": [
    "YOLO",
    "DETR"
  ],
  "results": {
    "YOLO": {
      "model": "YOLO",
      "precision": 0.9603921568627451,
      "recall": 0.9603921568627451,
      "f1": 0.9603921568627451,
      "mean_jaccard": 0.6841428571428572,
      "exact_match_accuracy": 0.26,
      "map": 0.383603036403656,
      "map_50": 0.49019166827201843,
      "map_75": 0.42177367210388184,
      "mar_100": 0.42859137058258057,
      "average_inference_time_ms": 50.631392588838935,
      "fps": 19.750592446087246,
      "num_images": 50
    },
    "DETR": {
      "model": "DETR",
      "precision": 0.9533333333333334,
      "recall": 0.9533333333333334,
      "f1": 0.9533333333333334,
      "mean_jaccard": 0.6701800144300144,
      "exact_match_accuracy": 0.18,
      "map": 0.4124840497970581,
      "map_50": 0.5740571022033691,
      "map_75": 0.4127815067768097,
      "mar_100": 0.4851917326450348,
      "average_inference_time_ms": 293.08435923885554,
      "fps": 3.411986919387356,
      "num_images": 50
    }
  }
}