{
  "confidence_threshold": 0.35,
  "skip_crowd": true,
  "num_images": 100,
  "models_evaluated": [
    "YOLO",
    "DETR"
  ],
  "results": {
    "YOLO": {
      "model": "YOLO",
      "precision": 0.9661538461538461,
      "recall": 0.9661538461538461,
      "f1": 0.9661538461538461,
      "mean_jaccard": 0.6888170995670996,
      "exact_match_accuracy": 0.29,
      "map": 0.32555392384529114,
      "map_50": 0.40625229477882385,
      "map_75": 0.3650131821632385,
      "mar_100": 0.3561561107635498,
      "average_inference_time_ms": 69.43802995840088,
      "fps": 14.40133023069754,
      "num_images": 100
    },
    "DETR": {
      "model": "DETR",
      "precision": 0.9617307692307693,
      "recall": 0.9617307692307693,
      "f1": 0.9617307692307693,
      "mean_jaccard": 0.6982389416139418,
      "exact_match_accuracy": 0.24,
      "map": 0.3836127817630768,
      "map_50": 0.5377531051635742,
      "map_75": 0.3958730697631836,
      "mar_100": 0.4614306092262268,
      "average_inference_time_ms": 344.2687029018998,
      "fps": 2.9047078388794243,
      "num_images": 100
    }
  }
}