{
  "confidence_threshold": 0.25,
  "skip_crowd": true,
  "num_images": 100,
  "models_evaluated": [
    "YOLO",
    "DETR"
  ],
  "results": {
    "YOLO": {
      "model": "YOLO",
      "precision": 0.9662264150943396,
      "recall": 0.9662264150943396,
      "f1": 0.9662264150943396,
      "mean_jaccard": 0.6968484848484847,
      "exact_match_accuracy": 0.28,
      "map": 0.34138110280036926,
      "map_50": 0.4263739287853241,
      "map_75": 0.3792073130607605,
      "mar_100": 0.38383015990257263,
      "average_inference_time_ms": 75.6243866472505,
      "fps": 13.223247742351868,
      "num_images": 100
    },
    "DETR": {
      "model": "DETR",
      "precision": 0.9624528301886792,
      "recall": 0.9624528301886792,
      "f1": 0.9624528301886792,
      "mean_jaccard": 0.6982389416139418,
      "exact_match_accuracy": 0.24,
      "map": 0.3836127817630768,
      "map_50": 0.5377531051635742,
      "map_75": 0.3958730697631836,
      "mar_100": 0.4614306092262268,
      "average_inference_time_ms": 344.2687029018998,
      "fps": 2.9047078388794243,
      "num_images": 100
    }
  }
}